Workbook

Sheet Notes
A1: Appendix C: Creating synthetic supply chain data in Excel
A3: Settings: category probabilities and parameters (inputs). Orders: 200 synthetic orders generated with formulas.
A4: Monthly: a 36-month demand series with trend, seasonality and noise. Survey: 100 respondents answering four Likert items driven by one latent factor.
A5: All values change on every recalculation (F9). To keep a data set, copy it and use Paste Values into a new workbook.

Sheet Settings
A1: Generator settings
A3: Region | B3: Probability | C3: Cumulative (lower bound)
A4: Americas | B4: 0.27 | C4: =0 -> 0
A5: Asia-Pacific | B5: 0.29 | C5: =C4+B4 -> 0.27
A6: Europe | B6: 0.24 | C6: =C5+B5 -> 0.56
A7: Africa | B7: 0.1 | C7: =C6+B6 -> 0.8
A8: Middle East | B8: 0.1 | C8: =C7+B7 -> 0.9
A10: Mode | B10: Probability | C10: Cumulative (lower bound) | D10: Mean lead time (days)
A11: Road | B11: 0.42 | C11: =0 -> 0 | D11: 6.7
A12: Sea | B12: 0.27 | C12: =C11+B11 -> 0.42 | D12: 20.7
A13: Air | B13: 0.2 | C13: =C12+B12 -> 0.69 | D13: 4.8
A14: Rail | B14: 0.11 | C14: =C13+B13 -> 0.89 | D14: 10.8
A16: Lead-time SD within mode (days) | B16: 1.5
A17: Extra days for Africa | B17: 1
A18: Promise buffer (days) | B18: 2

Sheet Orders
A1: OrderID | B1: OrderDate | C1: Region | D1: TransportMode | E1: LeadTime | F1: DeliveryDate | G1: PromisedDate | H1: OnTime | I1: QtyOrdered
A2: ="ORD-"&TEXT(10000+ROW()-1,"00000") -> ORD-10001 | B2: =DATE(2025,1,1)+RANDBETWEEN(0,364) -> 45773 | C2: =INDEX(RegName,MATCH(RAND(),RegCum,1)) -> Middle East | D2: =INDEX(ModeName,MATCH(RAND(),ModeCum,1)) -> Road | E2: =MAX(1,ROUND(_xlfn.NORM.INV(RAND(),INDEX(ModeLT,MATCH(D2,ModeName,0)),Settings!$B$16),0))+IF(C2="Africa",Settings!$B$17,0) -> 7 | F2: =B2+E2 -> 45780 | G2: =B2+ROUND(INDEX(ModeLT,MATCH(D2,ModeName,0)),0)+Settings!$B$18 -> 45782 | H2: =IF(F2<=G2,1,0) -> 1 | I2: =ROUND(_xlfn.LOGNORM.INV(RAND(),5.3,0.6),0) -> 129
A3: ="ORD-"&TEXT(10000+ROW()-1,"00000") -> ORD-10002 | B3: =DATE(2025,1,1)+RANDBETWEEN(0,364) -> 45816 | C3: =INDEX(RegName,MATCH(RAND(),RegCum,1)) -> Americas | D3: =INDEX(ModeName,MATCH(RAND(),ModeCum,1)) -> Road | E3: =MAX(1,ROUND(_xlfn.NORM.INV(RAND(),INDEX(ModeLT,MATCH(D3,ModeName,0)),Settings!$B$16),0))+IF(C3="Africa",Settings!$B$17,0) -> 7 | F3: =B3+E3 -> 45823 | G3: =B3+ROUND(INDEX(ModeLT,MATCH(D3,ModeName,0)),0)+Settings!$B$18 -> 45825 | H3: =IF(F3<=G3,1,0) -> 1 | I3: =ROUND(_xlfn.LOGNORM.INV(RAND(),5.3,0.6),0) -> 503
A4: ="ORD-"&TEXT(10000+ROW()-1,"00000") -> ORD-10003 | B4: =DATE(2025,1,1)+RANDBETWEEN(0,364) -> 45944 | C4: =INDEX(RegName,MATCH(RAND(),RegCum,1)) -> Asia-Pacific | D4: =INDEX(ModeName,MATCH(RAND(),ModeCum,1)) -> Sea | E4: =MAX(1,ROUND(_xlfn.NORM.INV(RAND(),INDEX(ModeLT,MATCH(D4,ModeName,0)),Settings!$B$16),0))+IF(C4="Africa",Settings!$B$17,0) -> 23 | F4: =B4+E4 -> 45967 | G4: =B4+ROUND(INDEX(ModeLT,MATCH(D4,ModeName,0)),0)+Settings!$B$18 -> 45967 | H4: =IF(F4<=G4,1,0) -> 1 | I4: =ROUND(_xlfn.LOGNORM.INV(RAND(),5.3,0.6),0) -> 250
A5: ="ORD-"&TEXT(10000+ROW()-1,"00000") -> ORD-10004 | B5: =DATE(2025,1,1)+RANDBETWEEN(0,364) -> 45884 | C5: =INDEX(RegName,MATCH(RAND(),RegCum,1)) -> Americas | D5: =INDEX(ModeName,MATCH(RAND(),ModeCum,1)) -> Road | E5: =MAX(1,ROUND(_xlfn.NORM.INV(RAND(),INDEX(ModeLT,MATCH(D5,ModeName,0)),Settings!$B$16),0))+IF(C5="Africa",Settings!$B$17,0) -> 7 | F5: =B5+E5 -> 45891 | G5: =B5+ROUND(INDEX(ModeLT,MATCH(D5,ModeName,0)),0)+Settings!$B$18 -> 45893 | H5: =IF(F5<=G5,1,0) -> 1 | I5: =ROUND(_xlfn.LOGNORM.INV(RAND(),5.3,0.6),0) -> 119
A6: ="ORD-"&TEXT(10000+ROW()-1,"00000") -> ORD-10005 | B6: =DATE(2025,1,1)+RANDBETWEEN(0,364) -> 45943 | C6: =INDEX(RegName,MATCH(RAND(),RegCum,1)) -> Asia-Pacific | D6: =INDEX(ModeName,MATCH(RAND(),ModeCum,1)) -> Road | E6: =MAX(1,ROUND(_xlfn.NORM.INV(RAND(),INDEX(ModeLT,MATCH(D6,ModeName,0)),Settings!$B$16),0))+IF(C6="Africa",Settings!$B$17,0) -> 6 | F6: =B6+E6 -> 45949 | G6: =B6+ROUND(INDEX(ModeLT,MATCH(D6,ModeName,0)),0)+Settings!$B$18 -> 45952 | H6: =IF(F6<=G6,1,0) -> 1 | I6: =ROUND(_xlfn.LOGNORM.INV(RAND(),5.3,0.6),0) -> 152
A7: ="ORD-"&TEXT(10000+ROW()-1,"00000") -> ORD-10006 | B7: =DATE(2025,1,1)+RANDBETWEEN(0,364) -> 45969 | C7: =INDEX(RegName,MATCH(RAND(),RegCum,1)) -> Asia-Pacific | D7: =INDEX(ModeName,MATCH(RAND(),ModeCum,1)) -> Sea | E7: =MAX(1,ROUND(_xlfn.NORM.INV(RAND(),INDEX(ModeLT,MATCH(D7,ModeName,0)),Settings!$B$16),0))+IF(C7="Africa",Settings!$B$17,0) -> 22 | F7: =B7+E7 -> 45991 | G7: =B7+ROUND(INDEX(ModeLT,MATCH(D7,ModeName,0)),0)+Settings!$B$18 -> 45992 | H7: =IF(F7<=G7,1,0) -> 1 | I7: =ROUND(_xlfn.LOGNORM.INV(RAND(),5.3,0.6),0) -> 401
A8: ="ORD-"&TEXT(10000+ROW()-1,"00000") -> ORD-10007 | B8: =DATE(2025,1,1)+RANDBETWEEN(0,364) -> 45672 | C8: =INDEX(RegName,MATCH(RAND(),RegCum,1)) -> Americas | D8: =INDEX(ModeName,MATCH(RAND(),ModeCum,1)) -> Road | E8: =MAX(1,ROUND(_xlfn.NORM.INV(RAND(),INDEX(ModeLT,MATCH(D8,ModeName,0)),Settings!$B$16),0))+IF(C8="Africa",Settings!$B$17,0) -> 7 | F8: =B8+E8 -> 45679 | G8: =B8+ROUND(INDEX(ModeLT,MATCH(D8,ModeName,0)),0)+Settings!$B$18 -> 45681 | H8: =IF(F8<=G8,1,0) -> 1 | I8: =ROUND(_xlfn.LOGNORM.INV(RAND(),5.3,0.6),0) -> 338
A9: ="ORD-"&TEXT(10000+ROW()-1,"00000") -> ORD-10008 | B9: =DATE(2025,1,1)+RANDBETWEEN(0,364) -> 45748 | C9: =INDEX(RegName,MATCH(RAND(),RegCum,1)) -> Europe | D9: =INDEX(ModeName,MATCH(RAND(),ModeCum,1)) -> Sea | E9: =MAX(1,ROUND(_xlfn.NORM.INV(RAND(),INDEX(ModeLT,MATCH(D9,ModeName,0)),Settings!$B$16),0))+IF(C9="Africa",Settings!$B$17,0) -> 21 | F9: =B9+E9 -> 45769 | G9: =B9+ROUND(INDEX(ModeLT,MATCH(D9,ModeName,0)),0)+Settings!$B$18 -> 45771 | H9: =IF(F9<=G9,1,0) -> 1 | I9: =ROUND(_xlfn.LOGNORM.INV(RAND(),5.3,0.6),0) -> 330
A10: ="ORD-"&TEXT(10000+ROW()-1,"00000") -> ORD-10009 | B10: =DATE(2025,1,1)+RANDBETWEEN(0,364) -> 45937 | C10: =INDEX(RegName,MATCH(RAND(),RegCum,1)) -> Africa | D10: =INDEX(ModeName,MATCH(RAND(),ModeCum,1)) -> Road | E10: =MAX(1,ROUND(_xlfn.NORM.INV(RAND(),INDEX(ModeLT,MATCH(D10,ModeName,0)),Settings!$B$16),0))+IF(C10="Africa",Settings!$B$17,0) -> 6 | F10: =B10+E10 -> 45943 | G10: =B10+ROUND(INDEX(ModeLT,MATCH(D10,ModeName,0)),0)+Settings!$B$18 -> 45946 | H10: =IF(F10<=G10,1,0) -> 1 | I10: =ROUND(_xlfn.LOGNORM.INV(RAND(),5.3,0.6),0) -> 328
A11: ="ORD-"&TEXT(10000+ROW()-1,"00000") -> ORD-10010 | B11: =DATE(2025,1,1)+RANDBETWEEN(0,364) -> 45823 | C11: =INDEX(RegName,MATCH(RAND(),RegCum,1)) -> Europe | D11: =INDEX(ModeName,MATCH(RAND(),ModeCum,1)) -> Sea | E11: =MAX(1,ROUND(_xlfn.NORM.INV(RAND(),INDEX(ModeLT,MATCH(D11,ModeName,0)),Settings!$B$16),0))+IF(C11="Africa",Settings!$B$17,0) -> 21 | F11: =B11+E11 -> 45844 | G11: =B11+ROUND(INDEX(ModeLT,MATCH(D11,ModeName,0)),0)+Settings!$B$18 -> 45846 | H11: =IF(F11<=G11,1,0) -> 1 | I11: =ROUND(_xlfn.LOGNORM.INV(RAND(),5.3,0.6),0) -> 415
A12: ="ORD-"&TEXT(10000+ROW()-1,"00000") -> ORD-10011 | B12: =DATE(2025,1,1)+RANDBETWEEN(0,364) -> 45834 | C12: =INDEX(RegName,MATCH(RAND(),RegCum,1)) -> Americas | D12: =INDEX(ModeName,MATCH(RAND(),ModeCum,1)) -> Sea | E12: =MAX(1,ROUND(_xlfn.NORM.INV(RAND(),INDEX(ModeLT,MATCH(D12,ModeName,0)),Settings!$B$16),0))+IF(C12="Africa",Settings!$B$17,0) -> 21 | F12: =B12+E12 -> 45855 | G12: =B12+ROUND(INDEX(ModeLT,MATCH(D12,ModeName,0)),0)+Settings!$B$18 -> 45857 | H12: =IF(F12<=G12,1,0) -> 1 | I12: =ROUND(_xlfn.LOGNORM.INV(RAND(),5.3,0.6),0) -> 93
A13: ="ORD-"&TEXT(10000+ROW()-1,"00000") -> ORD-10012 | B13: =DATE(2025,1,1)+RANDBETWEEN(0,364) -> 45944 | C13: =INDEX(RegName,MATCH(RAND(),RegCum,1)) -> Middle East | D13: =INDEX(ModeName,MATCH(RAND(),ModeCum,1)) -> Air | E13: =MAX(1,ROUND(_xlfn.NORM.INV(RAND(),INDEX(ModeLT,MATCH(D13,ModeName,0)),Settings!$B$16),0))+IF(C13="Africa",Settings!$B$17,0) -> 4 | F13: =B13+E13 -> 45948 | G13: =B13+ROUND(INDEX(ModeLT,MATCH(D13,ModeName,0)),0)+Settings!$B$18 -> 45951 | H13: =IF(F13<=G13,1,0) -> 1 | I13: =ROUND(_xlfn.LOGNORM.INV(RAND(),5.3,0.6),0) -> 152
... A201: ="ORD-"&TEXT(10000+ROW()-1,"00000") -> ORD-10200 | B201: =DATE(2025,1,1)+RANDBETWEEN(0,364) -> 45896 | C201: =INDEX(RegName,MATCH(RAND(),RegCum,1)) -> Americas | D201: =INDEX(ModeName,MATCH(RAND(),ModeCum,1)) -> Air | E201: =MAX(1,ROUND(_xlfn.NORM.INV(RAND(),INDEX(ModeLT,MATCH(D201,ModeName,0)),Settings!$B$16),0))+IF(C201="Africa",Settings!$B$17,0) -> 3 | F201: =B201+E201 -> 45899 | G201: =B201+ROUND(INDEX(ModeLT,MATCH(D201,ModeName,0)),0)+Settings!$B$18 -> 45903 | H201: =IF(F201<=G201,1,0) -> 1 | I201: =ROUND(_xlfn.LOGNORM.INV(RAND(),5.3,0.6),0) -> 296

Sheet Monthly
A1: t | B1: Month | C1: Trend | D1: Seasonal index | E1: Noise | F1: Demand | H1: Base level | I1: 20000
A2: 1 | B2: =DATE(2023,1+A2-1,1) -> 44927 | C2: =$I$1*(1+$I$2)^(A2-1) -> 20000 | D2: 0.96 | E2: =_xlfn.NORM.INV(RAND(),0,$I$3) -> -0.012753827 | F2: =ROUND(C2*D2*(1+E2),0) -> 18955 | H2: Growth per month | I2: 0.005
A3: 2 | B3: =DATE(2023,1+A3-1,1) -> 44958 | C3: =$I$1*(1+$I$2)^(A3-1) -> 20100 | D3: 0.93 | E3: =_xlfn.NORM.INV(RAND(),0,$I$3) -> -0.0011765675 | F3: =ROUND(C3*D3*(1+E3),0) -> 18671 | H3: Noise SD (%) | I3: 0.03
A4: 3 | B4: =DATE(2023,1+A4-1,1) -> 44986 | C4: =$I$1*(1+$I$2)^(A4-1) -> 20200.5 | D4: 1 | E4: =_xlfn.NORM.INV(RAND(),0,$I$3) -> 0.019791539 | F4: =ROUND(C4*D4*(1+E4),0) -> 20600
A5: 4 | B5: =DATE(2023,1+A5-1,1) -> 45017 | C5: =$I$1*(1+$I$2)^(A5-1) -> 20301.502 | D5: 0.98 | E5: =_xlfn.NORM.INV(RAND(),0,$I$3) -> -0.00041304774 | F5: =ROUND(C5*D5*(1+E5),0) -> 19887
A6: 5 | B6: =DATE(2023,1+A6-1,1) -> 45047 | C6: =$I$1*(1+$I$2)^(A6-1) -> 20403.01 | D6: 1.02 | E6: =_xlfn.NORM.INV(RAND(),0,$I$3) -> -0.039020751 | F6: =ROUND(C6*D6*(1+E6),0) -> 19999
A7: 6 | B7: =DATE(2023,1+A7-1,1) -> 45078 | C7: =$I$1*(1+$I$2)^(A7-1) -> 20505.025 | D7: 1 | E7: =_xlfn.NORM.INV(RAND(),0,$I$3) -> 0.00021365446 | F7: =ROUND(C7*D7*(1+E7),0) -> 20509
A8: 7 | B8: =DATE(2023,1+A8-1,1) -> 45108 | C8: =$I$1*(1+$I$2)^(A8-1) -> 20607.55 | D8: 1.01 | E8: =_xlfn.NORM.INV(RAND(),0,$I$3) -> 0.025612609 | F8: =ROUND(C8*D8*(1+E8),0) -> 21347
A9: 8 | B9: =DATE(2023,1+A9-1,1) -> 45139 | C9: =$I$1*(1+$I$2)^(A9-1) -> 20710.588 | D9: 1.06 | E9: =_xlfn.NORM.INV(RAND(),0,$I$3) -> -0.046494655 | F9: =ROUND(C9*D9*(1+E9),0) -> 20933
A10: 9 | B10: =DATE(2023,1+A10-1,1) -> 45170 | C10: =$I$1*(1+$I$2)^(A10-1) -> 20814.141 | D10: 0.89 | E10: =_xlfn.NORM.INV(RAND(),0,$I$3) -> 0.046062735 | F10: =ROUND(C10*D10*(1+E10),0) -> 19378
A11: 10 | B11: =DATE(2023,1+A11-1,1) -> 45200 | C11: =$I$1*(1+$I$2)^(A11-1) -> 20918.212 | D11: 0.86 | E11: =_xlfn.NORM.INV(RAND(),0,$I$3) -> -0.029467337 | F11: =ROUND(C11*D11*(1+E11),0) -> 17460
A12: 11 | B12: =DATE(2023,1+A12-1,1) -> 45231 | C12: =$I$1*(1+$I$2)^(A12-1) -> 21022.803 | D12: 1.04 | E12: =_xlfn.NORM.INV(RAND(),0,$I$3) -> 0.0069541984 | F12: =ROUND(C12*D12*(1+E12),0) -> 22016
A13: 12 | B13: =DATE(2023,1+A13-1,1) -> 45261 | C13: =$I$1*(1+$I$2)^(A13-1) -> 21127.917 | D13: 1.25 | E13: =_xlfn.NORM.INV(RAND(),0,$I$3) -> -0.0035440016 | F13: =ROUND(C13*D13*(1+E13),0) -> 26316
A14: 13 | B14: =DATE(2023,1+A14-1,1) -> 45292 | C14: =$I$1*(1+$I$2)^(A14-1) -> 21233.556 | D14: 0.96 | E14: =_xlfn.NORM.INV(RAND(),0,$I$3) -> -0.0060412496 | F14: =ROUND(C14*D14*(1+E14),0) -> 20261
A15: 14 | B15: =DATE(2023,1+A15-1,1) -> 45323 | C15: =$I$1*(1+$I$2)^(A15-1) -> 21339.724 | D15: 0.93 | E15: =_xlfn.NORM.INV(RAND(),0,$I$3) -> 0.014117342 | F15: =ROUND(C15*D15*(1+E15),0) -> 20126
... A37: 36 | B37: =DATE(2023,1+A37-1,1) -> 45992 | C37: =$I$1*(1+$I$2)^(A37-1) -> 23814.538 | D37: 1.25 | E37: =_xlfn.NORM.INV(RAND(),0,$I$3) -> 0.010182639 | F37: =ROUND(C37*D37*(1+E37),0) -> 30071

Sheet Survey
A1: Respondent | B1: Latent factor | C1: Item1 | D1: Item2 | E1: Item3 | F1: Item4 (reverse-worded) | H1: Item noise SD | I1: 0.9
A2: 1 | B2: =_xlfn.NORM.S.INV(RAND()) -> 0.12078245 | C2: =MIN(7,MAX(1,ROUND(4+$I$2*$B2+_xlfn.NORM.INV(RAND(),0,$I$1),0))) -> 5 | D2: =MIN(7,MAX(1,ROUND(4+$I$2*$B2+_xlfn.NORM.INV(RAND(),0,$I$1),0))) -> 4 | E2: =MIN(7,MAX(1,ROUND(4+$I$2*$B2+_xlfn.NORM.INV(RAND(),0,$I$1),0))) -> 4 | F2: =MIN(7,MAX(1,ROUND(4-$I$2*$B2+_xlfn.NORM.INV(RAND(),0,$I$1),0))) -> 3 | H2: Factor loading | I2: 1.2
A3: 2 | B3: =_xlfn.NORM.S.INV(RAND()) -> 0.44829976 | C3: =MIN(7,MAX(1,ROUND(4+$I$2*$B3+_xlfn.NORM.INV(RAND(),0,$I$1),0))) -> 5 | D3: =MIN(7,MAX(1,ROUND(4+$I$2*$B3+_xlfn.NORM.INV(RAND(),0,$I$1),0))) -> 3 | E3: =MIN(7,MAX(1,ROUND(4+$I$2*$B3+_xlfn.NORM.INV(RAND(),0,$I$1),0))) -> 4 | F3: =MIN(7,MAX(1,ROUND(4-$I$2*$B3+_xlfn.NORM.INV(RAND(),0,$I$1),0))) -> 5
A4: 3 | B4: =_xlfn.NORM.S.INV(RAND()) -> 1.8136997 | C4: =MIN(7,MAX(1,ROUND(4+$I$2*$B4+_xlfn.NORM.INV(RAND(),0,$I$1),0))) -> 7 | D4: =MIN(7,MAX(1,ROUND(4+$I$2*$B4+_xlfn.NORM.INV(RAND(),0,$I$1),0))) -> 6 | E4: =MIN(7,MAX(1,ROUND(4+$I$2*$B4+_xlfn.NORM.INV(RAND(),0,$I$1),0))) -> 7 | F4: =MIN(7,MAX(1,ROUND(4-$I$2*$B4+_xlfn.NORM.INV(RAND(),0,$I$1),0))) -> 2
A5: 4 | B5: =_xlfn.NORM.S.INV(RAND()) -> 0.57532998 | C5: =MIN(7,MAX(1,ROUND(4+$I$2*$B5+_xlfn.NORM.INV(RAND(),0,$I$1),0))) -> 4 | D5: =MIN(7,MAX(1,ROUND(4+$I$2*$B5+_xlfn.NORM.INV(RAND(),0,$I$1),0))) -> 3 | E5: =MIN(7,MAX(1,ROUND(4+$I$2*$B5+_xlfn.NORM.INV(RAND(),0,$I$1),0))) -> 5 | F5: =MIN(7,MAX(1,ROUND(4-$I$2*$B5+_xlfn.NORM.INV(RAND(),0,$I$1),0))) -> 5
A6: 5 | B6: =_xlfn.NORM.S.INV(RAND()) -> -3.2462401 | C6: =MIN(7,MAX(1,ROUND(4+$I$2*$B6+_xlfn.NORM.INV(RAND(),0,$I$1),0))) -> 1 | D6: =MIN(7,MAX(1,ROUND(4+$I$2*$B6+_xlfn.NORM.INV(RAND(),0,$I$1),0))) -> 2 | E6: =MIN(7,MAX(1,ROUND(4+$I$2*$B6+_xlfn.NORM.INV(RAND(),0,$I$1),0))) -> 1 | F6: =MIN(7,MAX(1,ROUND(4-$I$2*$B6+_xlfn.NORM.INV(RAND(),0,$I$1),0))) -> 7
A7: 6 | B7: =_xlfn.NORM.S.INV(RAND()) -> -0.79666128 | C7: =MIN(7,MAX(1,ROUND(4+$I$2*$B7+_xlfn.NORM.INV(RAND(),0,$I$1),0))) -> 5 | D7: =MIN(7,MAX(1,ROUND(4+$I$2*$B7+_xlfn.NORM.INV(RAND(),0,$I$1),0))) -> 3 | E7: =MIN(7,MAX(1,ROUND(4+$I$2*$B7+_xlfn.NORM.INV(RAND(),0,$I$1),0))) -> 3 | F7: =MIN(7,MAX(1,ROUND(4-$I$2*$B7+_xlfn.NORM.INV(RAND(),0,$I$1),0))) -> 6
A8: 7 | B8: =_xlfn.NORM.S.INV(RAND()) -> 1.0412465 | C8: =MIN(7,MAX(1,ROUND(4+$I$2*$B8+_xlfn.NORM.INV(RAND(),0,$I$1),0))) -> 6 | D8: =MIN(7,MAX(1,ROUND(4+$I$2*$B8+_xlfn.NORM.INV(RAND(),0,$I$1),0))) -> 6 | E8: =MIN(7,MAX(1,ROUND(4+$I$2*$B8+_xlfn.NORM.INV(RAND(),0,$I$1),0))) -> 5 | F8: =MIN(7,MAX(1,ROUND(4-$I$2*$B8+_xlfn.NORM.INV(RAND(),0,$I$1),0))) -> 3
A9: 8 | B9: =_xlfn.NORM.S.INV(RAND()) -> -0.073077535 | C9: =MIN(7,MAX(1,ROUND(4+$I$2*$B9+_xlfn.NORM.INV(RAND(),0,$I$1),0))) -> 3 | D9: =MIN(7,MAX(1,ROUND(4+$I$2*$B9+_xlfn.NORM.INV(RAND(),0,$I$1),0))) -> 3 | E9: =MIN(7,MAX(1,ROUND(4+$I$2*$B9+_xlfn.NORM.INV(RAND(),0,$I$1),0))) -> 2 | F9: =MIN(7,MAX(1,ROUND(4-$I$2*$B9+_xlfn.NORM.INV(RAND(),0,$I$1),0))) -> 1
A10: 9 | B10: =_xlfn.NORM.S.INV(RAND()) -> 1.1416929 | C10: =MIN(7,MAX(1,ROUND(4+$I$2*$B10+_xlfn.NORM.INV(RAND(),0,$I$1),0))) -> 5 | D10: =MIN(7,MAX(1,ROUND(4+$I$2*$B10+_xlfn.NORM.INV(RAND(),0,$I$1),0))) -> 3 | E10: =MIN(7,MAX(1,ROUND(4+$I$2*$B10+_xlfn.NORM.INV(RAND(),0,$I$1),0))) -> 4 | F10: =MIN(7,MAX(1,ROUND(4-$I$2*$B10+_xlfn.NORM.INV(RAND(),0,$I$1),0))) -> 2
A11: 10 | B11: =_xlfn.NORM.S.INV(RAND()) -> 0.5584416 | C11: =MIN(7,MAX(1,ROUND(4+$I$2*$B11+_xlfn.NORM.INV(RAND(),0,$I$1),0))) -> 6 | D11: =MIN(7,MAX(1,ROUND(4+$I$2*$B11+_xlfn.NORM.INV(RAND(),0,$I$1),0))) -> 4 | E11: =MIN(7,MAX(1,ROUND(4+$I$2*$B11+_xlfn.NORM.INV(RAND(),0,$I$1),0))) -> 6 | F11: =MIN(7,MAX(1,ROUND(4-$I$2*$B11+_xlfn.NORM.INV(RAND(),0,$I$1),0))) -> 2
A12: 11 | B12: =_xlfn.NORM.S.INV(RAND()) -> 0.30427773 | C12: =MIN(7,MAX(1,ROUND(4+$I$2*$B12+_xlfn.NORM.INV(RAND(),0,$I$1),0))) -> 5 | D12: =MIN(7,MAX(1,ROUND(4+$I$2*$B12+_xlfn.NORM.INV(RAND(),0,$I$1),0))) -> 5 | E12: =MIN(7,MAX(1,ROUND(4+$I$2*$B12+_xlfn.NORM.INV(RAND(),0,$I$1),0))) -> 4 | F12: =MIN(7,MAX(1,ROUND(4-$I$2*$B12+_xlfn.NORM.INV(RAND(),0,$I$1),0))) -> 3
A13: 12 | B13: =_xlfn.NORM.S.INV(RAND()) -> 0.54025867 | C13: =MIN(7,MAX(1,ROUND(4+$I$2*$B13+_xlfn.NORM.INV(RAND(),0,$I$1),0))) -> 6 | D13: =MIN(7,MAX(1,ROUND(4+$I$2*$B13+_xlfn.NORM.INV(RAND(),0,$I$1),0))) -> 5 | E13: =MIN(7,MAX(1,ROUND(4+$I$2*$B13+_xlfn.NORM.INV(RAND(),0,$I$1),0))) -> 5 | F13: =MIN(7,MAX(1,ROUND(4-$I$2*$B13+_xlfn.NORM.INV(RAND(),0,$I$1),0))) -> 4
A14: 13 | B14: =_xlfn.NORM.S.INV(RAND()) -> 1.0167049 | C14: =MIN(7,MAX(1,ROUND(4+$I$2*$B14+_xlfn.NORM.INV(RAND(),0,$I$1),0))) -> 6 | D14: =MIN(7,MAX(1,ROUND(4+$I$2*$B14+_xlfn.NORM.INV(RAND(),0,$I$1),0))) -> 5 | E14: =MIN(7,MAX(1,ROUND(4+$I$2*$B14+_xlfn.NORM.INV(RAND(),0,$I$1),0))) -> 4 | F14: =MIN(7,MAX(1,ROUND(4-$I$2*$B14+_xlfn.NORM.INV(RAND(),0,$I$1),0))) -> 3
... A101: 100 | B101: =_xlfn.NORM.S.INV(RAND()) -> -0.059750694 | C101: =MIN(7,MAX(1,ROUND(4+$I$2*$B101+_xlfn.NORM.INV(RAND(),0,$I$1),0))) -> 4 | D101: =MIN(7,MAX(1,ROUND(4+$I$2*$B101+_xlfn.NORM.INV(RAND(),0,$I$1),0))) -> 3 | E101: =MIN(7,MAX(1,ROUND(4+$I$2*$B101+_xlfn.NORM.INV(RAND(),0,$I$1),0))) -> 3 | F101: =MIN(7,MAX(1,ROUND(4-$I$2*$B101+_xlfn.NORM.INV(RAND(),0,$I$1),0))) -> 3
